Player,Team,Pos,Age,G,AB,R,H,2B,3B,HR,RBI,SB,CS,BB,SO,SH,SF,HBP,AVG,OBP,SLG,OPS
Isiah Kiner-Falefa,TEX,SS,26,130,526,61,139,24,3,7,41,16,5,18,75,1,2,9,.264,.299,.361,.660
Whit Merrifield,KC,2B,32,130,525,76,147,30,3,10,67,38,3,35,80,0,10,4,.280,.324,.406,.730
Marcus Semien,TOR,SS,30,130,521,92,139,34,2,32,77,13,1,52,124,0,3,2,.267,.334,.524,.858
David Fletcher,LAA,2B,27,127,515,67,149,24,2,2,42,11,2,23,49,6,1,1,.289,.320,.355,.675
Bo Bichette,TOR,SS,23,127,514,96,147,22,1,21,81,20,1,35,112,0,2,4,.286,.335,.455,.790
Ozzie Albies,ATL,2B,24,129,512,83,133,34,6,23,86,17,2,43,105,0,4,3,.260,.319,.484,.803
Tommy Edman,STL,2B,26,128,512,73,136,35,3,9,45,21,5,33,69,1,2,5,.266,.315,.398,.713
Jonathan Schoop,DET,2B,29,127,504,68,142,24,1,18,70,1,0,30,109,0,7,4,.282,.323,.440,.763
Mitch Haniger,SEA,OF,30,127,499,90,126,20,2,29,73,1,0,42,132,0,7,8,.253,.317,.475,.792
DJ LeMahieu,NYY,2B,33,124,498,67,132,22,1,9,52,4,1,60,82,0,3,4,.265,.347,.367,.714
Salvador Perez,KC,C,31,129,498,63,138,19,0,38,94,1,0,20,137,0,3,9,.277,.315,.544,.859
Paul Goldschmidt,STL,1B,33,128,497,72,142,27,2,22,79,10,0,51,112,0,4,2,.286,.352,.481,.833
J.P. Crawford,SEA,SS,26,130,494,66,129,28,0,6,38,3,4,44,95,1,3,4,.261,.325,.354,.679
Dansby Swanson,ATL,SS,27,131,493,69,130,30,2,25,77,9,3,38,129,1,4,4,.264,.319,.485,.804
Cedric Mullins,BAL,OF,26,127,490,75,150,30,4,24,48,24,7,44,103,1,4,7,.306,.369,.531,.900
Nolan Arenado,STL,3B,30,127,490,61,125,32,2,26,84,2,0,40,78,0,4,3,.255,.313,.488,.801
Kyle Seager,SEA,3B,33,130,489,61,105,21,1,31,85,3,1,50,133,0,4,3,.215,.289,.452,.741
Freddie Freeman,ATL,1B,31,130,487,95,144,17,1,28,72,8,3,72,90,0,2,5,.296,.390,.507,.897
Jose Altuve,HOU,2B,31,117,485,89,132,20,1,25,68,4,2,55,79,0,6,3,.272,.346,.472,.818
Jake Cronenworth,SD,2B,27,129,485,85,131,28,6,19,62,4,2,49,76,3,1,9,.270,.347,.470,.817
Trey Mancini,BAL,1B,29,124,480,66,123,28,1,20,64,0,0,38,122,0,1,5,.256,.317,.444,.761
Vladimir Guerrero,TOR,1B,22,129,479,97,150,21,1,38,95,4,1,72,94,0,2,5,.313,.407,.599,1.006
Rafael Devers,BOS,3B,24,127,477,82,131,34,1,32,96,4,5,52,113,0,4,5,.275,.349,.551,.900
J.D. Martinez,BOS,DH,34,122,474,80,135,34,3,24,83,0,0,46,124,0,4,2,.285,.348,.521,.869
Jorge Polanco,MIN,SS,28,122,472,79,129,27,2,24,77,10,5,39,91,0,5,5,.273,.332,.492,.824
Austin Riley,ATL,3B,24,130,469,73,142,23,1,28,80,0,1,48,129,0,7,11,.303,.376,.535,.911
Jose Abreu,CWS,1B,34,125,468,71,123,24,2,27,101,1,0,46,123,0,8,16,.263,.344,.496,.840
Adolis Garcia,TEX,OF,28,120,467,65,117,21,2,29,77,8,4,25,157,0,2,4,.251,.293,.490,.783
Tim Anderson,CWS,SS,28,108,463,82,140,26,2,14,53,17,7,19,104,0,1,1,.302,.331,.458,.789
Ty France,SEA,2B,27,122,462,68,135,26,1,16,60,0,0,32,88,0,5,19,.292,.359,.457,.816
Bryan Reynolds,PIT,OF,26,128,461,73,138,29,4,21,77,4,2,56,101,0,2,7,.299,.382,.516,.898
Amed Rosario,CLE,SS,25,119,460,65,130,22,6,8,44,12,0,27,98,0,4,3,.283,.324,.409,.733
Jeimer Candelario,DET,1B,27,122,459,60,125,36,2,10,48,0,0,53,113,0,0,2,.272,.350,.425,.775
Manny Machado,SD,3B,29,124,459,76,126,25,2,22,84,10,2,52,89,0,9,1,.275,.344,.481,.825
Xander Bogaerts,BOS,SS,28,123,458,77,136,33,0,20,69,5,1,48,95,0,7,5,.297,.365,.500,.865
Alex Verdugo,BOS,OF,25,121,454,76,130,27,1,12,49,6,2,46,75,0,3,4,.286,.355,.430,.785
Carlos Santana,KC,1B,35,126,454,59,102,14,0,17,59,2,0,71,82,0,4,3,.225,.331,.368,.699
Nathaniel Lowe,TEX,1B,26,127,452,54,116,20,2,13,59,6,0,62,139,0,3,2,.257,.347,.396,.743
Matt Olson,OAK,1B,27,125,451,80,123,28,0,32,83,4,1,67,88,0,7,9,.273,.373,.548,.921
Robbie Grossman,DET,OF,31,127,450,69,106,18,3,19,57,15,4,79,123,2,6,7,.236,.354,.416,.770
Chris Taylor,LAD,2B,31,125,449,86,122,24,4,19,67,13,1,56,144,0,1,8,.272,.362,.470,.832
Carlos Correa,HOU,SS,26,120,447,87,123,28,1,20,69,0,0,67,96,0,4,3,.275,.370,.477,.847
Randal Grichuk,TOR,OF,30,125,447,53,108,21,1,21,76,0,3,23,104,0,3,3,.242,.282,.434,.716
Shohei Ohtani,LAA,P,27,19,444,86,117,25,5,42,90,20,8,67,159,0,2,3,.264,.362,.626,.988
Austin Meadows,TB,OF,26,120,444,68,104,27,2,22,92,3,2,55,111,0,6,5,.234,.322,.453,.775
Dylan Carlson,STL,OF,22,119,443,64,115,26,3,13,48,2,1,49,122,0,6,11,.260,.344,.420,.764
Matt Chapman,OAK,3B,28,126,443,64,98,12,3,21,60,3,1,63,165,0,8,4,.221,.319,.404,.723
Pete Alonso,NYM,1B,26,121,439,64,115,17,1,29,76,3,0,46,101,0,3,10,.262,.343,.503,.846
Brandon Lowe,TB,2B,27,123,438,81,103,25,0,31,78,6,1,61,143,0,2,9,.235,.339,.505,.844
Jose Ramirez,CLE,3B,28,119,438,87,115,27,4,31,84,19,3,53,68,0,3,7,.263,.349,.555,.904
Aaron Judge,NYY,OF,29,117,436,70,128,19,0,29,73,6,1,62,129,0,3,3,.294,.383,.537,.920
Randy Arozarena,TB,OF,26,114,435,76,119,24,2,17,58,12,8,44,138,0,2,9,.274,.351,.455,.806
Pavin Smith,ARI,1B,25,119,433,60,116,23,3,10,42,1,0,34,88,0,1,2,.268,.323,.404,.727
Yordan Alvarez,HOU,DH,24,114,432,77,123,25,1,28,89,1,0,35,117,0,3,8,.285,.347,.542,.889
Eugenio Suarez,CIN,3B,30,120,432,56,73,15,0,23,66,0,1,45,149,0,4,6,.169,.255,.363,.618
Teoscar Hernandez,TOR,OF,28,111,431,63,127,23,0,22,86,9,4,26,118,0,1,2,.295,.337,.501,.838
Jesus Aguilar,MIA,1B,31,126,431,48,113,21,0,22,89,0,0,45,91,0,7,3,.262,.331,.464,.795
Ryan McMahon,COL,2B,26,122,430,67,110,23,1,19,66,4,2,43,123,0,4,3,.256,.325,.447,.772
Elvis Andrus,OAK,SS,33,124,429,46,98,20,2,3,30,12,2,25,77,2,3,3,.228,.274,.305,.579
Justin Turner,LAD,3B,36,121,429,67,120,18,0,21,70,1,0,52,82,0,4,12,.280,.370,.469,.839
Jared Walsh,LAA,1B,28,115,426,55,113,25,1,24,76,2,1,38,129,0,1,3,.265,.329,.498,.827
Eric Hosmer,SD,1B,31,123,426,47,114,19,0,11,56,5,3,40,80,1,2,5,.268,.336,.390,.726
Yuli Gurriel,HOU,1B,37,115,425,66,133,28,0,13,70,1,1,50,54,0,11,4,.313,.382,.471,.853
Nick Castellanos,CIN,OF,29,110,425,75,134,32,1,24,72,2,1,32,103,0,2,7,.315,.371,.565,.936
Jose Iglesias,LAA,SS,31,114,424,57,110,23,1,8,41,5,2,18,66,0,1,4,.259,.295,.375,.670
Yoan Moncada,CWS,3B,26,118,424,60,112,22,1,11,54,3,2,70,132,0,2,7,.264,.376,.399,.775
Kevin Newman,PIT,2B,28,120,423,42,93,19,2,4,29,3,0,22,32,2,2,1,.220,.259,.303,.562
Jonathan India,CIN,2B,24,122,423,79,114,23,2,17,59,9,3,59,121,1,3,19,.270,.381,.454,.835
Michael Brantley,HOU,OF,34,108,422,66,133,28,2,8,45,1,0,32,49,0,1,5,.315,.370,.448,.818
Trevor Story,COL,SS,28,115,422,69,105,30,3,18,61,17,5,40,112,0,5,11,.249,.326,.462,.788
Jesse Winker,CIN,OF,28,109,420,77,129,32,1,24,71,1,0,53,75,0,0,8,.307,.395,.560,.955
Enrique Hernandez,BOS,2B,30,112,419,71,108,30,3,17,51,1,0,51,89,0,5,8,.258,.346,.465,.811
Charlie Blackmon,COL,OF,35,123,418,59,113,20,3,10,62,2,0,43,60,0,2,9,.270,.350,.404,.754
Ryan Mountcastle,BAL,1B,24,114,417,60,112,21,1,25,73,4,3,29,120,0,7,3,.269,.316,.504,.820
Jed Lowrie,OAK,2B,37,120,416,51,104,22,0,13,62,0,0,45,96,0,2,2,.250,.325,.397,.722
Mark Canha,OAK,OF,32,111,412,74,96,20,4,12,44,12,2,60,101,0,1,22,.233,.360,.388,.748
Dominic Smith,NYM,1B,26,124,412,40,100,16,0,11,54,2,1,30,102,0,6,8,.243,.303,.362,.665
Hunter Renfroe,BOS,OF,29,115,407,71,105,24,0,25,77,0,2,36,100,0,6,1,.258,.316,.501,.817
Tommy Pham,SD,OF,33,127,407,68,96,18,2,13,39,13,6,69,111,0,4,4,.236,.349,.386,.735
David Peralta,ARI,OF,34,123,406,46,105,23,8,6,52,1,1,38,75,0,1,2,.259,.324,.399,.723
Lourdes Gurriel,TOR,OF,27,114,405,43,110,22,0,14,54,1,2,21,83,1,5,2,.272,.307,.430,.737
Miguel Rojas,MIA,SS,32,108,402,56,107,27,3,7,34,11,2,32,61,0,1,4,.266,.326,.400,.726
Jean Segura,PHI,2B,31,103,402,60,118,22,3,10,45,9,3,31,62,1,2,8,.294,.354,.438,.792
Luis Urias,MIL,SS,24,123,401,64,98,22,1,18,59,5,0,48,95,1,3,7,.244,.333,.439,.772
Avisail Garcia,MIL,OF,30,116,400,59,108,17,0,24,76,7,4,35,99,0,4,10,.270,.341,.493,.834
Raimel Tapia,COL,OF,27,106,399,62,115,24,0,5,45,19,4,33,60,1,3,0,.288,.340,.386,.726
Michael Taylor,KC,OF,30,119,398,51,98,12,1,11,45,12,5,29,124,2,4,5,.246,.303,.364,.667
Kyle Tucker,HOU,OF,24,109,398,63,112,27,2,22,73,12,1,36,74,0,5,1,.281,.339,.525,.864
Giancarlo Stanton,NYY,DH,31,110,398,52,108,15,0,25,70,0,0,57,124,0,1,3,.271,.366,.497,.863
Kyle Farmer,CIN,2B,31,124,397,47,102,18,2,12,48,2,3,18,75,1,4,16,.257,.313,.403,.716
Juan Soto,WAS,OF,22,119,396,87,118,16,1,22,71,7,6,104,78,0,3,1,.298,.442,.510,.952
Josh Rojas,ARI,2B,27,113,396,57,107,28,3,11,38,7,3,50,114,0,1,0,.270,.351,.439,.790
Mike Yastrzemski,SF,OF,31,112,395,64,87,24,3,21,52,3,0,41,104,0,2,7,.220,.303,.456,.759
Hunter Dozier,KC,1B,30,113,392,43,80,21,4,10,37,3,3,33,123,0,3,5,.204,.273,.355,.628
Max Muncy,LAD,2B,31,114,391,79,102,21,1,29,77,2,0,73,90,0,0,10,.261,.390,.542,.932
Nick Ahmed,ARI,SS,31,117,389,42,87,28,2,4,34,7,2,31,90,2,1,2,.224,.284,.337,.621
Rhys Hoskins,PHI,1B,28,107,389,64,96,29,0,27,71,3,2,47,108,0,2,5,.247,.334,.530,.864
Trea Turner,WAS,SS,28,96,388,66,125,17,3,18,49,21,3,26,77,0,2,4,.322,.369,.521,.890
Josh Bell,WAS,1B,29,113,388,59,97,16,1,23,73,0,0,37,83,0,2,1,.250,.315,.474,.789
Tyler Naquin,CIN,OF,30,119,388,52,106,24,1,19,68,5,3,35,103,0,3,5,.273,.339,.487,.826
Adam Frazier,PIT,2B,29,98,386,58,125,28,4,4,32,5,4,35,46,0,1,6,.324,.388,.448,.836
Christian Vazquez,BOS,C,31,113,384,43,97,18,0,5,39,8,4,29,75,1,3,2,.253,.306,.339,.645
Bryce Harper,PHI,OF,28,110,384,78,116,31,1,26,61,12,2,73,102,1,3,5,.302,.417,.591,1.008
Andrew McCutchen,PHI,OF,34,115,383,60,84,14,1,21,61,6,1,67,109,0,7,3,.219,.335,.426,.761
Miguel Cabrera,DET,DH,38,105,382,43,95,11,0,14,58,0,0,34,101,0,7,4,.249,.311,.387,.698
Brandon Crawford,SF,SS,34,109,378,58,110,23,2,19,74,10,2,41,88,0,5,2,.291,.359,.513,.872
Maikel Franco,BAL,3B,29,104,377,31,79,22,0,11,47,0,0,20,67,0,3,3,.210,.253,.355,.608
Cesar Hernandez,CLE,2B,31,96,376,60,87,17,2,18,47,0,0,38,90,0,2,4,.231,.307,.431,.738
Andrew Benintendi,KC,OF,27,102,375,52,96,17,1,12,43,8,8,25,79,1,4,1,.256,.301,.403,.704
Garrett Hampson,COL,2B,26,122,373,56,89,19,5,8,25,16,6,28,96,2,2,3,.239,.296,.381,.677
Fernando Tatis,SD,SS,22,101,372,87,105,25,0,36,81,24,3,48,121,0,4,2,.282,.364,.640,1.004
Yandy Diaz,TB,3B,30,107,372,53,96,15,1,9,42,0,1,60,72,0,2,2,.258,.362,.376,.738
J.T. Realmuto,PHI,C,30,106,371,53,98,20,3,14,58,8,3,44,96,0,2,8,.264,.353,.447,.800
Andrew Vaughn,CWS,1B,23,114,371,54,94,22,0,15,44,1,1,38,89,0,5,6,.253,.329,.434,.763
Alec Bohm,PHI,3B,25,111,371,46,91,15,0,7,47,4,0,31,108,0,4,1,.245,.302,.342,.644
Eduardo Escobar,ARI,3B,32,98,370,50,91,14,3,22,65,1,0,29,85,0,1,0,.246,.300,.478,.778
Nicky Lopez,KC,2B,26,119,370,55,108,13,5,1,34,18,0,39,59,10,2,2,.292,.361,.362,.723
Joey Wendle,TB,2B,31,109,369,61,102,27,3,9,49,6,5,22,88,0,3,7,.276,.327,.439,.766
Austin Hays,BAL,OF,26,100,368,56,91,19,3,14,48,3,1,21,82,3,1,4,.247,.294,.429,.723
Joey Votto,CIN,1B,37,103,368,54,99,17,1,28,83,1,0,55,109,0,4,4,.269,.367,.549,.916
Nick Solak,TEX,2B,26,100,367,48,87,14,2,11,41,5,3,22,90,1,2,14,.237,.304,.376,.680
Miguel Sano,MIN,1B,28,105,365,55,80,19,0,23,61,1,1,46,142,0,1,1,.219,.308,.460,.768
Wil Myers,SD,OF,30,120,364,46,95,18,1,15,53,8,5,48,113,0,3,0,.261,.345,.440,.785
Yadier Molina,STL,C,39,100,364,34,92,16,0,8,51,3,0,21,64,0,2,2,.253,.296,.363,.659
C.J. Cron,COL,1B,31,112,363,56,100,21,1,24,76,1,0,52,92,0,3,10,.275,.379,.537,.916
Tyler O'Neill,STL,OF,26,106,363,58,99,19,1,21,50,10,4,30,128,0,3,11,.273,.344,.504,.848
Trent Grisham,SD,OF,24,104,363,49,92,21,3,13,52,11,4,47,92,0,1,5,.253,.346,.435,.781
Gleyber Torres,NYY,SS,24,99,359,35,91,17,0,6,42,12,3,41,81,2,4,1,.253,.328,.351,.679
Andrelton Simmons,MIN,SS,31,110,359,35,80,11,0,3,28,1,0,29,55,3,0,3,.223,.286,.279,.565
Willi Castro,DET,SS,24,105,357,49,77,14,5,9,37,6,3,20,99,3,3,8,.216,.271,.359,.630
Ian Happ,CHC,OF,27,119,357,42,71,15,0,16,41,2,1,48,126,2,0,3,.199,.299,.375,.674
Mookie Betts,LAD,OF,28,92,351,70,95,25,3,18,45,7,3,52,68,0,4,8,.271,.373,.513,.886
Kolten Wong,MIL,2B,30,91,348,54,99,25,2,11,40,9,5,23,66,0,3,12,.284,.347,.463,.810
Josh Donaldson,MIN,3B,35,104,348,56,90,19,0,21,59,0,0,57,86,0,7,2,.259,.360,.494,.854
AJ Pollock,LAD,OF,33,103,345,45,103,24,1,16,56,9,0,24,74,0,1,5,.299,.352,.513,.865
Willson Contreras,CHC,C,29,104,345,48,78,15,0,17,40,4,4,43,116,0,2,13,.226,.333,.417,.750
Jazz Chisholm,MIA,2B,23,94,343,51,87,12,3,14,43,16,7,27,107,1,2,4,.254,.314,.429,.743
Wilmer Flores,SF,2B,30,118,343,48,85,13,1,16,45,1,0,33,51,0,3,3,.248,.317,.431,.748
Manuel Margot,TB,OF,26,98,342,44,87,14,3,9,53,11,5,27,56,1,4,1,.254,.307,.392,.699
Ramon Laureano,OAK,OF,27,88,341,43,84,21,2,14,39,12,5,27,98,0,1,9,.246,.317,.443,.760
Will Smith,LAD,C,26,107,341,59,92,15,2,22,65,3,0,49,83,0,6,14,.270,.378,.519,.897
Sean Murphy,OAK,C,26,104,341,40,75,23,0,15,55,0,0,37,99,0,3,11,.220,.314,.419,.733
Jonathan Villar,NYM,2B,30,110,339,48,87,14,2,15,34,10,6,35,94,2,0,3,.257,.332,.442,.774
Jackie Bradley,MIL,OF,31,110,339,36,59,13,3,6,29,6,1,26,111,0,3,10,.174,.251,.283,.534
Max Kepler,MIN,OF,28,94,338,51,71,18,4,16,45,9,0,43,79,0,3,6,.210,.308,.429,.737
Odubel Herrera,PHI,OF,29,96,337,46,87,20,2,12,40,5,1,24,59,1,5,5,.258,.313,.436,.749
Gregory Polanco,PIT,OF,29,107,336,38,70,12,2,11,36,14,1,36,104,0,8,2,.208,.283,.354,.637
Bobby Dalbec,BOS,1B,26,108,336,39,80,16,4,18,61,1,0,21,127,0,1,6,.238,.294,.470,.764
Francisco Lindor,NYM,SS,27,94,335,50,75,12,2,11,38,10,2,41,66,5,2,5,.224,.316,.370,.686
Javier Baez,CHC,SS,28,91,335,48,83,9,2,22,65,13,3,15,131,0,3,7,.248,.292,.484,.776
Luis Arraez,MIN,2B,24,93,328,48,98,14,4,2,32,2,2,36,36,0,4,2,.299,.368,.384,.752
Gio Urshela,NYY,3B,29,89,327,32,86,16,1,11,41,1,0,18,86,0,1,1,.263,.303,.419,.722
Kris Bryant,CHC,3B,29,93,326,58,87,19,2,18,51,4,2,39,89,0,1,8,.267,.358,.503,.861
Anthony Santander,BAL,OF,26,89,325,39,81,22,0,14,39,1,1,18,83,1,4,4,.249,.293,.446,.739
Myles Straw,HOU,OF,26,98,325,44,85,13,1,2,34,17,5,38,71,1,4,2,.262,.339,.326,.665
Anthony Rizzo,CHC,1B,32,92,323,41,80,16,3,14,40,4,2,36,59,0,3,14,.248,.346,.446,.792
Josh Harrison,WAS,2B,34,90,320,39,94,23,2,6,38,5,2,25,50,0,1,12,.294,.366,.434,.800
Christian Walker,ARI,1B,30,90,318,42,75,17,1,7,37,0,0,32,83,0,2,3,.236,.310,.362,.672
Akil Baddoo,DET,OF,23,98,318,44,82,19,6,10,45,14,4,31,95,0,2,0,.258,.322,.450,.772
Leury Garcia,CWS,SS,30,99,316,46,77,14,3,3,42,5,1,35,83,6,3,3,.244,.322,.335,.657
Jacob Stallings,PIT,C,31,96,315,32,75,17,1,8,47,0,0,41,74,0,1,2,.238,.329,.375,.704
Victor Robles,WAS,OF,24,107,315,37,64,21,1,2,19,8,6,33,85,4,1,16,.203,.310,.295,.605
Starlin Castro,WAS,2B,31,87,315,25,89,20,0,3,38,0,1,26,62,0,4,0,.283,.333,.375,.708
Justin Upton,LAA,OF,34,88,315,47,67,12,0,17,41,4,1,39,105,0,3,1,.213,.299,.413,.712
Adam Duvall,MIA,OF,32,91,314,41,72,10,1,22,68,5,0,21,105,0,3,1,.229,.277,.478,.755
Franmil Reyes,CLE,DH,26,85,313,45,81,14,2,24,65,4,0,35,108,0,2,2,.259,.335,.546,.881
Omar Narvaez,MIL,C,29,101,313,49,89,17,0,11,43,0,0,38,65,0,5,7,.284,.369,.444,.813
Joey Gallo,TEX,OF,27,95,310,57,69,6,1,25,55,6,0,74,125,0,0,4,.223,.379,.490,.869
Gary Sanchez,NYY,C,28,93,310,46,66,13,1,17,42,0,0,45,98,0,0,4,.213,.320,.426,.746
James McCann,NYM,C,31,99,308,22,74,9,0,9,35,0,1,26,93,0,1,2,.240,.303,.357,.660
Jorge Soler,KC,OF,29,94,308,38,59,16,0,13,37,0,0,38,97,0,3,5,.192,.288,.370,.658
Willy Adames,MIL,SS,25,83,306,51,89,24,0,17,50,4,2,41,89,0,0,0,.291,.375,.536,.911
Paul DeJong,STL,SS,28,94,305,40,61,7,1,16,40,3,1,32,89,0,1,8,.200,.292,.387,.679
Pedro Severino,BAL,C,28,92,305,28,73,15,0,10,38,0,0,28,87,0,3,1,.239,.303,.387,.690
Martin Maldonado,HOU,C,35,97,304,34,54,10,1,10,32,0,0,40,103,0,1,4,.178,.281,.316,.597
Buster Posey,SF,C,34,87,302,56,93,14,0,16,41,0,0,46,69,0,0,1,.308,.401,.513,.914
Jeff McNeil,NYM,2B,29,92,299,35,74,15,0,6,30,2,0,24,47,0,0,8,.247,.320,.358,.678
Christian Yelich,MIL,OF,29,89,299,58,76,16,1,8,41,8,2,57,92,0,3,3,.254,.376,.395,.771
Michael Conforto,NYM,OF,28,96,298,35,64,16,0,9,33,0,0,46,80,0,1,9,.215,.336,.359,.695
Ronald Acuna,ATL,OF,23,82,297,72,84,19,1,24,52,17,6,49,85,0,5,9,.283,.394,.596,.990
Rougned Odor,NYY,2B,27,91,297,38,63,12,0,15,39,0,1,25,89,1,0,9,.212,.293,.404,.697
Nelson Cruz,MIN,DH,41,85,296,44,87,13,1,19,50,3,0,35,63,0,7,5,.294,.370,.537,.907
Jason Heyward,CHC,OF,32,94,294,33,62,15,1,6,25,5,1,26,63,0,0,2,.211,.280,.330,.610
Tucker Barnhart,CIN,C,30,95,290,37,77,21,0,7,42,0,0,24,88,0,3,7,.266,.333,.410,.743
Guillermo Heredia,ATL,OF,30,100,290,44,66,26,0,5,26,0,0,29,77,0,1,6,.228,.310,.369,.679
Brett Gardner,NYY,OF,38,111,288,38,61,10,3,6,25,2,0,50,78,5,6,3,.212,.329,.330,.659
Donovan Solano,SF,2B,33,90,287,31,79,16,0,6,30,2,0,21,55,1,4,6,.275,.333,.394,.727
Jurickson Profar,SD,2B,28,109,285,39,69,15,2,3,28,10,4,44,49,1,2,4,.242,.349,.340,.689
Kevin Kiermaier,TB,OF,31,95,285,45,70,16,2,4,30,8,2,24,83,0,4,3,.246,.307,.358,.665
Gavin Lux,LAD,2B,23,85,285,39,63,10,3,6,37,3,1,32,75,0,2,2,.221,.302,.340,.642
Eddie Rosario,CLE,OF,29,78,283,29,72,15,1,7,46,9,2,17,47,2,3,1,.254,.296,.389,.685
Asdrubal Cabrera,ARI,3B,35,90,283,34,69,21,0,7,40,1,0,33,73,0,3,2,.244,.324,.392,.716
Dylan Moore,SEA,2B,29,100,282,32,50,10,1,11,39,18,3,34,100,0,1,4,.177,.274,.337,.611
Ke'Bryan Hayes,PIT,3B,24,77,281,36,69,16,2,5,28,4,1,29,72,0,1,1,.246,.317,.370,.687
Tyler Stephenson,CIN,C,25,106,281,49,80,17,0,9,40,0,0,35,61,0,4,6,.285,.371,.441,.812
Didi Gregorius,PHI,SS,31,77,280,27,62,14,2,10,41,3,0,15,53,0,5,7,.221,.274,.393,.667
Yonathan Daza,COL,OF,27,92,272,25,77,11,2,2,29,2,1,18,54,5,1,2,.283,.331,.360,.691
Alex Dickerson,SF,OF,31,103,271,34,64,9,2,13,38,1,0,22,74,0,0,5,.236,.305,.428,.733
Brendan Rodgers,COL,2B,25,74,270,32,75,14,2,10,35,0,0,16,57,0,1,6,.278,.331,.456,.787
Luis Torrens,SEA,C,25,81,267,29,59,12,1,14,39,0,0,26,81,0,2,1,.221,.291,.431,.722
Mike Zunino,TB,C,30,88,267,52,55,9,1,27,51,0,0,30,112,0,1,5,.206,.297,.551,.848
Jorge Alfaro,MIA,C,28,82,266,20,66,15,1,4,29,8,1,9,89,0,0,5,.248,.286,.357,.643
Elias Diaz,COL,C,30,82,265,40,62,12,1,15,34,0,0,24,46,0,1,1,.234,.299,.457,.756
Kyle Schwarber,WAS,OF,28,72,265,42,67,9,0,25,53,1,1,31,88,0,2,5,.253,.340,.570,.910
Eric Haase,DET,C,28,74,264,40,63,10,1,19,50,2,0,18,89,0,1,2,.239,.291,.500,.791
Joshua Fuentes,COL,1B,28,91,263,30,60,11,1,7,32,0,0,12,63,0,1,0,.228,.261,.357,.618
Harold Ramirez,CLE,OF,26,77,262,26,69,17,1,6,31,3,1,12,42,0,2,4,.263,.304,.405,.709
Victor Caratini,SD,C,28,100,261,27,58,8,0,6,33,2,0,31,72,0,4,4,.222,.310,.322,.632
Trevor Larnach,MIN,OF,24,79,260,29,58,12,0,7,28,1,0,31,104,0,2,8,.223,.322,.350,.672
Brad Miller,PHI,3B,31,110,257,41,58,7,3,14,38,3,0,34,90,0,0,1,.226,.318,.440,.758
Cody Bellinger,LAD,1B,26,73,257,35,44,7,2,9,32,2,1,26,79,0,3,1,.171,.247,.319,.566
Harrison Bader,STL,OF,27,71,256,27,61,11,1,9,31,6,3,23,57,0,2,3,.238,.306,.395,.701
Joc Pederson,CHC,OF,29,73,256,35,59,11,2,11,39,2,3,22,74,0,4,5,.230,.300,.418,.718
Kevin Pillar,NYM,OF,32,97,255,32,54,7,1,12,31,3,2,8,66,0,0,6,.212,.253,.388,.641
Patrick Wisdom,CHC,1B,30,83,254,46,65,7,0,25,50,3,1,23,111,0,0,1,.256,.320,.579,.899
Ronald Torreyes,PHI,SS,28,85,252,27,65,9,1,6,35,2,1,15,30,3,1,1,.258,.301,.373,.674
Freddy Galvis,BAL,2B,31,72,249,36,62,12,1,9,26,1,0,18,58,2,1,3,.249,.306,.414,.720
LaMonte Wade,SF,OF,27,79,248,38,61,10,2,17,43,5,0,23,66,2,1,3,.246,.316,.508,.824
Brandon Nimmo,NYM,OF,28,73,247,37,71,14,0,4,20,4,2,48,65,1,0,4,.287,.411,.393,.804
Tony Kemp,OAK,2B,29,104,247,38,65,15,2,5,24,5,1,43,49,4,4,4,.263,.376,.401,.777
Cavan Biggio,TOR,2B,26,77,246,26,53,10,1,7,26,3,1,37,78,1,4,1,.215,.316,.350,.666
Corey Seager,LAD,SS,27,65,246,37,67,16,2,7,35,1,0,31,53,0,2,5,.272,.363,.439,.802
Harold Castro,DET,OF,27,82,245,26,67,7,0,1,26,0,1,13,59,4,3,0,.273,.307,.314,.621
Juan Lagares,LAA,OF,32,86,245,33,60,18,2,3,30,1,2,8,54,1,1,1,.245,.271,.371,.642
Ben Gamel,PIT,OF,29,84,244,30,63,14,3,6,19,0,4,33,74,2,2,0,.258,.344,.414,.758
Austin Slater,SF,OF,28,113,244,33,54,10,1,9,26,11,2,25,80,0,0,4,.221,.304,.381,.685
DJ Stewart,BAL,OF,27,87,243,36,50,10,0,11,31,0,0,41,80,0,0,4,.206,.330,.383,.713
Alex Bregman,HOU,3B,27,63,243,40,68,15,0,7,35,1,0,31,44,0,2,3,.280,.366,.428,.794
Phil Gosselin,LAA,OF,32,78,243,28,68,10,0,5,34,1,2,18,55,0,1,3,.280,.336,.383,.719
Marwin Gonzalez,BOS,2B,32,77,242,25,49,14,0,2,20,3,2,19,70,1,1,8,.202,.281,.285,.566
David Bote,CHC,2B,28,78,242,26,49,9,0,8,32,0,1,20,57,1,2,3,.202,.270,.339,.609
Yermin Mercedes,CWS,DH,28,68,240,26,65,9,1,7,37,0,1,20,46,0,1,1,.271,.328,.404,.732
Ha-Seong Kim,SD,SS,25,103,235,23,48,10,2,6,31,5,1,19,62,1,3,4,.204,.272,.340,.612
Ketel Marte,ARI,2B,27,63,235,36,81,21,1,9,38,1,0,19,39,0,1,2,.345,.397,.557,.954
Brandon Belt,SF,1B,33,74,234,41,58,9,2,19,40,3,1,36,80,0,1,3,.248,.354,.547,.901
Starling Marte,MIA,OF,32,64,233,52,71,11,1,7,25,22,3,32,57,1,1,8,.305,.405,.451,.856
Josh Naylor,CLE,OF,24,69,233,28,59,13,0,7,21,1,0,14,45,0,0,2,.253,.301,.399,.700
Jon Berti,MIA,2B,31,85,233,35,49,10,1,4,19,8,4,32,61,1,2,3,.210,.311,.313,.624
Aledmys Diaz,HOU,2B,31,62,232,25,67,16,0,7,38,0,1,11,44,0,0,7,.289,.340,.448,.788
Seth Brown,OAK,OF,29,94,232,34,47,9,1,16,39,4,0,21,75,0,2,1,.203,.270,.457,.727
Mitch Moreland,OAK,1B,35,81,229,28,52,11,1,10,30,0,0,18,58,0,3,2,.227,.286,.415,.701
Brian Anderson,MIA,3B,28,67,229,24,56,9,0,7,28,5,0,26,64,0,0,4,.245,.332,.376,.708
Jose Trevino,TEX,C,28,72,229,17,52,12,0,3,22,1,1,9,45,2,3,0,.227,.253,.319,.572
Jarred Kelenic,SEA,OF,22,63,228,22,35,7,0,7,23,3,4,24,74,0,1,2,.154,.239,.276,.515
Carson Kelly,ARI,C,27,75,225,34,57,8,1,10,34,0,0,40,58,0,4,6,.253,.375,.431,.806
Colin Moran,PIT,1B,28,70,224,18,64,11,0,7,33,1,0,18,61,0,1,2,.286,.343,.429,.772
Ramon Urias,BAL,2B,27,72,224,29,61,12,0,7,34,1,1,22,61,0,0,6,.272,.353,.420,.773
Tom Murphy,SEA,C,30,77,223,28,45,8,0,9,25,0,0,29,90,0,2,1,.202,.294,.359,.653
Erik Gonzalez,PIT,SS,30,71,220,17,51,7,1,2,21,2,2,8,40,0,1,0,.232,.258,.300,.558
Max Stassi,LAA,C,30,67,219,39,59,10,1,11,29,0,0,20,79,0,1,7,.269,.348,.475,.823
Brett Phillips,TB,OF,27,103,219,44,47,9,2,10,35,13,3,30,98,2,1,1,.215,.311,.411,.722
Chas McCormick,HOU,OF,26,84,219,39,57,12,0,11,42,3,2,19,78,0,7,3,.260,.319,.466,.785
Yan Gomes,WAS,C,34,63,218,30,59,11,1,9,35,0,0,13,47,0,0,4,.271,.323,.454,.777
Anthony Rendon,LAA,3B,31,58,217,24,52,13,0,6,34,0,0,29,41,0,2,1,.240,.329,.382,.711
Steven Duggar,SF,OF,27,83,217,36,58,13,2,7,28,6,0,22,74,0,0,2,.267,.340,.442,.782
Edmundo Sosa,STL,2B,25,91,216,30,59,6,4,4,18,3,4,12,43,1,0,15,.273,.354,.394,.748
Jonah Heim,TEX,C,26,68,216,19,45,11,0,8,23,2,1,10,44,1,2,1,.208,.245,.370,.615
Austin Hedges,CLE,C,29,68,216,24,40,4,0,7,24,1,0,12,73,7,3,1,.185,.228,.301,.529
Garrett Cooper,MIA,1B,30,71,215,30,61,10,1,9,33,1,1,30,68,0,1,4,.284,.380,.465,.845
Alex Kirilloff,MIN,OF,23,59,215,23,54,11,1,8,34,1,1,14,52,0,1,1,.251,.299,.423,.722
Bradley Zimmer,CLE,OF,28,72,214,30,53,6,1,6,27,12,2,24,87,0,2,12,.248,.353,.369,.722
Wander Franco,TB,SS,20,53,213,41,58,12,3,6,32,2,1,18,34,0,1,2,.272,.333,.441,.774
Charlie Culberson,TEX,OF,32,77,212,20,53,12,2,4,18,7,1,15,54,4,1,2,.250,.304,.382,.686
Tyrone Taylor,MIL,OF,27,82,212,30,52,8,3,10,37,5,1,18,52,0,1,7,.245,.324,.453,.777
Ryan Zimmerman,WAS,1B,36,89,212,22,51,12,0,12,42,0,0,11,65,0,2,0,.241,.276,.467,.743
Niko Goodrum,DET,2B,29,65,210,30,47,6,1,6,21,12,4,22,84,0,2,3,.224,.304,.348,.652
Brock Holt,TEX,3B,33,68,207,20,43,12,0,2,19,5,1,22,40,0,1,1,.208,.286,.295,.581
Phillip Evans,PIT,3B,28,72,207,22,43,5,0,5,16,1,0,27,53,0,0,5,.208,.314,.304,.618
Francisco Mejia,TB,C,25,69,206,26,54,12,3,6,31,0,0,12,41,1,1,6,.262,.320,.437,.757
Willie Calhoun,TEX,OF,26,59,205,23,52,8,2,5,19,0,2,19,27,0,0,2,.254,.323,.385,.708
Corey Dickerson,MIA,OF,32,63,205,27,54,12,3,2,14,2,4,16,45,0,1,3,.263,.324,.380,.704
David Dahl,TEX,OF,27,63,205,19,43,11,0,4,18,2,1,10,59,1,3,1,.210,.247,.322,.569
Josh VanMeter,ARI,2B,26,88,205,22,44,17,2,4,28,2,1,28,64,0,2,1,.215,.309,.376,.685
Taylor Ward,LAA,OF,27,63,204,31,49,14,0,8,31,1,1,19,55,2,1,6,.240,.322,.426,.748
Ryan O'Hearn,KC,1B,28,68,204,21,47,5,1,9,28,0,0,8,63,0,3,2,.230,.263,.397,.660
Ryan Jeffers,MIN,C,24,64,204,21,41,6,1,11,29,0,0,20,79,0,0,4,.201,.285,.402,.687
Isan Diaz,MIA,2B,25,74,203,23,39,9,0,4,15,1,1,29,66,0,2,1,.192,.294,.296,.590
Darin Ruf,SF,OF,35,98,203,36,56,10,1,14,35,2,0,39,65,0,1,3,.276,.398,.542,.940
Hanser Alberto,KC,2B,28,88,202,22,52,15,3,1,19,1,1,2,25,4,2,3,.257,.273,.376,.649
Ji-Man Choi,TB,1B,30,64,200,30,50,10,0,9,38,0,0,34,67,0,0,2,.250,.364,.435,.799
Brian Goodwin,CWS,OF,30,60,200,31,46,10,1,8,25,1,0,26,50,1,1,1,.230,.320,.410,.730
Andy Ibanez,TEX,2B,28,62,200,21,52,11,1,6,19,0,0,11,28,1,1,2,.260,.304,.415,.719
Nick Madrigal,CWS,2B,24,54,200,30,61,10,4,2,21,1,2,11,17,0,1,3,.305,.349,.425,.774
Eli White,TEX,OF,27,64,198,26,35,6,1,6,15,4,3,18,66,0,0,4,.177,.259,.308,.567
Rafael Ortega,CHC,OF,30,74,196,28,58,10,1,8,26,8,5,17,50,1,0,1,.296,.355,.480,.835
Yasmani Grandal,CWS,C,32,66,193,45,40,4,0,17,48,0,0,61,66,1,3,2,.207,.398,.492,.890
Pat Valaika,BAL,2B,28,72,193,13,37,5,0,4,21,1,1,14,57,1,2,2,.192,.251,.280,.531
Santiago Espinal,TOR,SS,26,83,193,24,56,9,1,2,15,5,1,18,29,1,0,1,.290,.354,.378,.732
Dom Nunez,COL,C,26,68,190,26,36,10,3,8,29,0,0,30,76,0,1,0,.189,.299,.400,.699
Adam Eaton,CWS,OF,32,58,189,33,38,8,2,5,28,2,0,20,55,4,0,6,.201,.298,.344,.642
Marcell Ozuna,ATL,OF,30,48,188,21,40,6,0,7,26,0,0,19,46,0,0,1,.213,.288,.356,.644
Matt Duffy,CHC,3B,30,70,188,29,48,5,0,1,14,4,1,18,44,0,1,5,.255,.335,.298,.633
Lorenzo Cain,MIL,OF,35,56,188,30,44,8,0,5,23,9,1,18,36,0,1,2,.234,.306,.356,.662
Matt Beaty,LAD,1B,28,105,187,31,49,4,1,5,34,2,2,20,39,0,0,8,.262,.358,.374,.732
Daulton Varsho,ARI,C,25,69,186,30,43,10,1,9,25,4,0,26,50,1,0,0,.231,.325,.441,.766
Magneuris Sierra,MIA,OF,25,101,186,24,46,6,1,0,5,8,0,13,41,0,0,0,.247,.296,.290,.586
George Springer,TOR,OF,31,50,184,42,50,12,1,16,35,3,1,26,52,0,1,3,.272,.369,.609,.978
Reese McGuire,TOR,C,26,70,183,22,49,15,0,1,9,0,0,14,39,1,0,2,.268,.327,.366,.693
Clint Frazier,NYY,OF,26,66,183,20,34,9,0,5,15,2,0,32,65,0,0,3,.186,.317,.317,.634
Mitch Garver,MIN,C,30,61,182,27,44,13,0,13,29,0,1,29,65,0,0,2,.242,.352,.527,.879
Alcides Escobar,WAS,SS,34,44,182,28,51,10,1,1,12,1,0,7,29,2,0,8,.280,.335,.363,.698
Jace Peterson,MIL,OF,31,71,180,32,50,10,1,5,28,8,1,35,46,0,2,3,.278,.400,.428,.828
Sandy Leon,MIA,C,32,67,179,12,33,5,0,3,13,0,0,9,56,1,2,3,.184,.233,.263,.496
Travis Shaw,MIL,3B,31,56,178,14,34,8,0,6,28,0,0,19,51,1,1,3,.191,.279,.337,.616
Zack Collins,CWS,DH,26,72,178,23,36,11,0,4,24,1,1,31,65,1,0,1,.202,.324,.331,.655
Willians Astudillo,MIN,C,29,62,178,16,46,7,0,7,20,0,0,2,12,0,1,4,.258,.281,.416,.697
Yadiel Hernandez,WAS,OF,33,86,178,24,51,5,1,7,21,3,0,17,44,0,2,1,.287,.348,.444,.792
Jake Fraley,SEA,OF,26,62,178,23,38,4,0,9,30,9,1,40,59,0,1,1,.213,.359,.388,.747
Kurt Suzuki,LAA,C,37,58,177,13,39,7,0,4,13,0,0,9,34,2,3,9,.220,.288,.328,.616
Lewis Brinson,MIA,OF,27,61,176,19,42,12,0,7,25,1,0,9,47,1,0,1,.239,.280,.426,.706
Matt Carpenter,STL,3B,35,106,175,17,32,9,1,3,21,2,0,30,67,0,1,6,.183,.321,.297,.618
Stephen Piscotty,OAK,OF,30,72,173,14,38,8,0,5,16,1,0,13,48,0,0,2,.220,.282,.353,.635
Evan Longoria,SF,3B,35,55,173,32,50,11,0,10,31,1,1,26,46,0,0,0,.289,.382,.526,.908
Wilmer Difo,PIT,SS,29,89,172,19,46,7,2,3,18,0,0,17,45,0,1,0,.267,.332,.384,.716
Luke Voit,NYY,1B,30,49,171,22,44,6,1,8,29,0,0,16,59,0,0,5,.257,.339,.444,.783
Daniel Vogelbach,MIL,1B,28,67,171,23,37,8,0,7,16,0,0,27,42,0,0,0,.216,.323,.386,.709
Keston Hiura,MIL,2B,25,59,169,16,28,9,1,4,18,2,0,14,76,2,1,7,.166,.257,.302,.559
Eric Sogard,CHC,2B,35,78,169,16,42,6,1,1,12,3,1,9,30,0,2,0,.249,.283,.314,.597
Connor Joe,COL,OF,29,59,168,21,47,8,0,8,34,0,0,22,39,0,3,3,.280,.367,.470,.837
Austin Barnes,LAD,C,31,64,168,23,36,7,0,5,19,0,0,19,48,1,0,4,.214,.309,.345,.654
Nomar Mazara,DET,OF,26,50,165,12,35,5,2,3,19,0,0,15,45,0,1,0,.212,.276,.321,.597
Curt Casali,SF,C,32,61,165,18,35,10,1,5,23,0,0,22,49,1,0,4,.212,.319,.376,.695
Luis Robert,CWS,OF,24,41,163,27,56,14,1,6,21,5,1,10,41,0,1,2,.344,.386,.552,.938
Albert Pujols,LAD,1B,41,66,163,16,42,3,0,10,33,1,0,9,29,0,1,2,.258,.303,.460,.763
Yu Chang,CLE,3B,26,65,161,24,34,10,2,6,23,1,0,8,46,0,1,0,.211,.247,.410,.657
Michael Perez,PIT,C,29,55,161,14,23,6,1,7,16,0,0,13,49,0,0,2,.143,.216,.323,.539
Christian Arroyo,BOS,3B,26,53,159,22,42,12,0,6,25,1,0,7,41,1,0,7,.264,.324,.453,.777
Victor Reyes,DET,OF,26,57,159,20,37,7,3,4,13,3,1,5,43,0,1,0,.233,.255,.390,.645
Bobby Bradley,CLE,1B,25,48,159,26,34,7,0,11,26,0,0,18,65,0,1,5,.214,.311,.465,.776
Mauricio Dubon,SF,2B,27,66,158,18,37,7,0,5,20,2,1,8,38,0,2,1,.234,.272,.373,.645
Zach McKinstry,LAD,2B,26,59,157,19,34,9,0,7,29,1,1,10,49,1,2,1,.217,.265,.408,.673
Taylor Trammell,SEA,OF,23,51,156,23,25,7,0,8,18,2,3,17,75,2,0,3,.160,.256,.359,.615
Shogo Akiyama,CIN,OF,33,81,154,16,31,7,0,0,12,2,3,14,38,0,1,4,.201,.283,.247,.530
Miguel Andujar,NYY,OF,26,45,154,19,39,2,0,6,12,0,1,7,28,0,1,0,.253,.284,.383,.667
Mike Tauchman,SF,OF,30,64,152,21,27,4,0,4,15,1,3,22,52,0,0,1,.178,.286,.283,.569
J.D. Davis,NYM,3B,28,55,152,17,44,10,0,5,21,1,0,19,59,0,2,6,.289,.385,.454,.839
Kyle Higashioka,NYY,C,31,54,152,19,28,8,0,9,22,0,0,15,45,0,1,0,.184,.256,.414,.670
Danny Mendick,CWS,2B,27,66,152,13,33,5,0,2,20,0,1,18,38,1,1,2,.217,.306,.289,.595
Josh Reddick,ARI,OF,34,54,151,15,39,11,0,2,21,0,0,6,31,0,1,0,.258,.285,.371,.656
Ehire Adrianza,ATL,SS,32,89,151,27,37,8,2,4,25,0,0,20,34,1,3,2,.245,.335,.404,.739
Jake Bauers,SEA,1B,25,53,150,15,37,3,0,1,10,4,0,13,43,0,0,0,.247,.307,.287,.594
Mike Brosseau,TB,2B,27,57,150,21,28,9,0,5,18,2,0,15,53,0,2,2,.187,.266,.347,.613
Manny Pina,MIL,C,34,62,149,22,27,4,0,9,27,0,0,17,32,0,1,5,.181,.285,.389,.674
Andrew Stevenson,WAS,OF,27,80,149,17,32,5,0,3,15,1,1,9,51,2,1,3,.215,.272,.309,.581
William Contreras,ATL,C,23,46,148,16,29,3,1,7,21,0,0,15,52,0,1,2,.196,.277,.372,.649
Abraham Almonte,ATL,OF,32,64,148,20,32,12,0,5,19,1,1,26,38,0,1,0,.216,.331,.399,.730
Chad Pinder,OAK,2B,29,53,146,18,30,11,0,3,13,0,0,12,45,0,1,2,.205,.273,.342,.615
Zack Short,DET,SS,26,54,144,18,21,4,0,6,20,2,0,20,55,0,6,0,.146,.241,.299,.540
Oscar Mercado,CLE,OF,26,47,143,18,34,7,1,3,11,5,1,15,24,0,0,1,.238,.314,.364,.678
Mike Moustakas,CIN,2B,32,46,140,21,30,10,0,6,19,0,0,18,36,0,3,2,.214,.307,.414,.721
Sergio Alcantara,CHC,SS,25,62,140,19,26,4,3,3,9,1,0,17,44,1,2,2,.186,.280,.321,.601
Aristides Aquino,CIN,OF,27,63,140,20,25,6,1,8,17,1,2,20,60,0,2,1,.179,.282,.407,.689
Rowdy Tellez,TOR,1B,26,50,139,12,29,4,1,4,8,0,0,9,33,0,0,3,.209,.272,.338,.610
Tommy La Stella,SF,2B,32,48,138,13,34,7,1,3,14,0,0,11,17,0,1,0,.246,.300,.377,.677
Sam Hilliard,COL,OF,27,55,137,20,27,4,2,8,19,2,0,15,58,0,0,0,.197,.276,.431,.707
Tomas Nido,NYM,C,27,53,136,15,32,4,1,3,13,1,0,5,36,0,0,3,.235,.278,.346,.624
Kelvin Gutierrez,KC,3B,27,38,135,9,29,4,2,1,8,0,1,6,31,0,0,1,.215,.254,.296,.550
Jake Cave,MIN,OF,28,57,134,13,25,6,1,3,8,1,1,10,50,1,0,3,.187,.259,.313,.572
Nico Hoerner,CHC,2B,24,39,134,13,42,10,0,0,14,3,2,15,23,0,1,2,.313,.388,.388,.776
Brandon Marsh,LAA,OF,23,41,133,15,37,8,2,1,13,3,1,14,56,0,0,0,.278,.347,.391,.738
Willy Adames,TB,SS,25,41,132,16,26,6,1,5,15,1,2,10,51,0,0,0,.197,.254,.371,.625
Stephen Vogt,ARI,C,36,52,132,17,28,6,1,5,17,0,0,18,36,1,0,0,.212,.307,.386,.693
Kole Calhoun,ARI,OF,33,36,130,11,31,6,0,3,10,1,0,10,30,0,0,0,.238,.293,.354,.647
Kyle Lewis,SEA,OF,26,36,130,15,32,4,0,5,11,2,0,16,37,0,0,1,.246,.333,.392,.725
Brent Rooker,MIN,OF,26,36,130,19,24,7,0,6,10,0,0,12,48,0,0,6,.185,.284,.377,.661
Jake Marisnick,CHC,OF,30,65,128,17,29,6,3,5,22,3,1,9,43,1,2,4,.227,.294,.438,.732
Jose Rojas,LAA,3B,28,46,128,19,27,13,0,4,10,2,0,8,37,0,0,1,.211,.263,.406,.669
Jose Peraza,NYM,2B,27,52,127,20,26,7,0,6,19,0,0,7,23,0,0,3,.205,.263,.402,.665
Nick Gordon,MIN,SS,25,48,127,13,29,5,1,1,8,5,1,8,36,0,0,2,.228,.285,.307,.592
Austin Nola,SD,C,31,43,127,9,34,9,0,1,26,0,0,12,17,0,2,5,.268,.349,.362,.711
Franchy Cordero,BOS,OF,26,47,127,12,24,6,0,1,9,1,1,8,51,1,0,0,.189,.237,.260,.497
Jesus Sanchez,MIA,OF,23,36,126,12,30,6,1,6,17,0,0,9,39,0,0,2,.238,.299,.444,.743
Jason Castro,HOU,C,34,55,126,16,24,6,0,4,13,0,0,21,49,2,0,3,.190,.320,.333,.653
Danny Jansen,TOR,C,26,49,125,16,22,5,0,5,10,0,0,12,35,1,0,2,.176,.259,.336,.595
Andrew Knapp,PHI,C,29,54,125,11,19,3,0,2,11,0,0,9,50,1,1,0,.152,.207,.224,.431
Kevin Plawecki,BOS,C,30,51,124,13,36,7,0,1,9,0,0,11,19,1,0,2,.290,.358,.371,.729
Luis Garcia,WAS,2B,21,41,124,16,26,6,1,3,7,0,1,8,24,0,0,0,.210,.258,.347,.605
Jason Martin,TEX,OF,25,50,124,11,23,2,0,5,13,2,1,8,34,1,1,0,.185,.233,.323,.556
Owen Miller,CLE,2B,24,39,124,13,21,3,0,3,11,2,0,8,38,0,1,1,.169,.224,.266,.490
Jack Mayfield,LAA,SS,30,45,122,16,27,5,0,9,21,1,0,7,33,2,0,2,.221,.275,.484,.759
Jarrod Dyson,KC,OF,37,77,122,13,27,7,2,0,10,8,3,6,28,3,1,0,.221,.256,.311,.567
Andrew Knizner,STL,C,26,47,122,16,22,6,0,1,6,0,0,17,30,0,0,3,.180,.296,.254,.550
Travis d'Arnaud,ATL,C,32,33,121,9,27,6,0,4,17,0,0,9,28,0,1,1,.223,.280,.372,.652
Starling Marte,OAK,OF,32,28,120,16,41,8,0,2,14,20,0,6,19,0,1,1,.342,.375,.458,.833
Joc Pederson,ATL,OF,29,40,120,14,30,5,1,4,17,0,0,14,27,0,1,3,.250,.341,.408,.749
Wilson Ramos,DET,C,34,35,120,12,24,5,0,6,13,0,0,6,29,0,0,0,.200,.238,.392,.630
Rowdy Tellez,MIL,1B,26,43,119,17,33,4,0,7,23,0,0,12,22,0,1,1,.277,.346,.487,.833
Justin Williams,STL,OF,26,51,119,10,19,0,0,4,11,0,1,17,46,0,0,1,.160,.270,.261,.531
Abraham Toro,SEA,3B,24,31,119,14,36,6,0,3,12,1,1,11,15,0,0,3,.303,.376,.429,.805
Tim Locastro,ARI,OF,29,55,118,11,21,2,0,1,5,5,3,6,26,0,0,9,.178,.271,.220,.491
Andres Gimenez,CLE,SS,22,45,118,13,22,6,0,2,7,7,0,10,33,1,2,4,.186,.269,.288,.557
Byron Buxton,MIN,OF,27,31,118,22,39,12,0,10,19,5,0,5,33,0,0,3,.331,.373,.686,1.059
Travis Jankowski,PHI,OF,30,62,117,21,29,5,2,1,10,4,0,20,28,2,0,0,.248,.358,.350,.708
Mike Trout,LAA,OF,30,36,117,23,39,8,1,8,18,2,0,27,41,0,0,2,.333,.466,.624,1.090
Luis Guillorme,NYM,2B,26,57,116,13,34,3,0,1,4,0,2,22,17,1,0,0,.293,.406,.345,.751
Myles Straw,CLE,OF,26,28,116,20,32,9,0,2,9,5,0,11,27,0,0,0,.276,.339,.405,.744
Nick Maton,PHI,SS,24,50,116,15,30,7,1,2,13,2,0,9,39,1,1,2,.259,.320,.388,.708
Eloy Jimenez,CWS,OF,24,29,115,15,32,6,0,8,30,0,0,6,26,0,1,1,.278,.317,.539,.856
Joe Panik,TOR,2B,30,42,114,9,28,6,0,2,11,0,0,8,14,0,1,0,.246,.293,.351,.644
Jake Lamb,CWS,3B,30,43,113,20,24,2,0,6,13,0,0,17,38,0,0,1,.212,.321,.389,.710
Taylor Walls,TB,SS,25,39,113,10,24,10,0,1,13,3,2,17,35,1,0,0,.212,.315,.327,.642
Jake Rogers,DET,C,26,38,113,17,27,5,3,6,17,1,0,11,46,3,0,0,.239,.306,.496,.802
Nelson Cruz,TB,DH,41,28,113,16,23,5,0,7,21,0,0,8,37,0,1,0,.204,.254,.434,.688
John Nogowski,PIT,1B,28,33,111,12,29,7,0,1,14,0,1,11,20,0,1,0,.261,.325,.351,.676
Shed Long,SEA,2B,26,34,111,13,22,4,1,4,17,1,0,9,39,1,0,0,.198,.258,.360,.618
Nick Senzel,CIN,OF,26,36,111,18,28,4,0,1,8,2,5,12,16,0,1,0,.252,.323,.315,.638
Roberto Perez,CLE,C,32,34,110,10,15,2,0,6,15,1,0,15,45,2,0,1,.136,.246,.318,.564
Carter Kieboom,WAS,3B,23,34,110,16,26,3,0,5,14,0,0,14,34,0,2,4,.236,.338,.400,.738
Ernie Clement,CLE,SS,25,36,110,14,25,4,0,2,7,0,1,5,18,3,0,2,.227,.274,.318,.592
Abraham Toro,HOU,3B,24,35,109,17,23,1,0,6,20,3,1,9,21,0,1,3,.211,.287,.385,.672
Tyler Wade,NYY,2B,26,82,109,27,31,5,1,0,5,13,4,13,29,0,0,1,.284,.366,.349,.715
Alejandro Kirk,TOR,C,22,40,109,12,29,7,0,4,16,0,0,10,15,0,2,3,.266,.339,.440,.779
Aaron Hicks,NYY,OF,31,32,108,13,21,3,0,4,14,0,0,14,30,0,2,2,.194,.294,.333,.627
Cesar Hernandez,CWS,2B,31,28,107,15,23,0,0,3,5,1,1,14,30,0,1,0,.215,.303,.299,.602
Billy Hamilton,CWS,OF,30,57,106,19,24,8,2,2,11,8,0,3,38,2,1,0,.226,.245,.396,.641
Robel Garcia,HOU,2B,28,46,106,8,16,3,0,1,8,0,0,8,42,1,1,1,.151,.216,.208,.424
Rob Refsnyder,MIN,OF,30,39,105,17,27,5,0,2,10,0,0,11,29,0,1,0,.257,.325,.362,.687
Danny Santana,BOS,1B,30,33,105,11,18,2,1,4,13,3,1,7,27,0,0,1,.171,.230,.324,.554
Adam Engel,CWS,OF,29,33,105,19,26,6,0,7,18,7,1,10,24,0,1,5,.248,.339,.505,.844
Derek Hill,DET,OF,25,36,104,15,27,1,1,2,10,6,2,10,29,0,0,1,.260,.330,.346,.676
Ryan McKenna,BAL,OF,24,64,104,16,21,3,1,1,6,1,0,18,42,2,0,0,.202,.320,.279,.599
Jarren Duran,BOS,OF,24,32,103,17,22,3,2,2,9,2,1,4,38,0,1,0,.214,.241,.340,.581
Taylor Jones,HOU,1B,27,35,102,11,25,8,1,2,16,0,0,4,29,0,2,0,.245,.269,.402,.671
Adam Frazier,SD,2B,29,28,101,12,23,2,1,0,3,1,1,5,16,2,0,1,.228,.271,.267,.538
Joey Gallo,NYY,OF,27,29,101,17,15,6,0,5,11,0,0,24,50,0,0,0,.149,.312,.356,.668
JaCoby Jones,DET,OF,29,36,100,9,17,2,0,2,9,2,2,5,42,0,0,0,.170,.210,.250,.460
Jake Bauers,CLE,1B,25,43,100,7,19,3,0,2,6,0,1,12,27,0,0,0,.190,.277,.280,.557
Kyle Garlick,MIN,OF,29,36,99,17,23,8,0,5,10,1,0,6,32,0,1,1,.232,.280,.465,.745
Jordan Luplow,CLE,OF,27,36,98,12,17,5,0,7,20,0,2,21,31,0,0,2,.173,.331,.439,.770
Evan White,SEA,1B,25,30,97,8,14,3,0,2,9,0,0,6,31,0,0,1,.144,.202,.237,.439
Jorge Soler,ATL,OF,29,26,96,17,27,3,0,8,16,0,0,18,22,0,1,0,.281,.391,.563,.954
Adam Duvall,ATL,OF,32,27,96,14,20,4,0,7,20,0,0,12,30,0,0,1,.208,.303,.469,.772
Austin Wynns,BAL,C,30,31,95,9,16,4,0,2,9,0,0,6,22,1,0,0,.168,.218,.274,.492
DJ Peters,TEX,OF,25,25,95,12,19,3,0,7,18,1,0,2,35,0,3,2,.200,.225,.453,.678
Luke Williams,PHI,3B,25,53,95,8,24,4,0,1,6,2,2,10,21,0,0,0,.253,.324,.326,.650
Cal Raleigh,SEA,C,24,31,95,5,17,7,0,1,11,0,0,6,36,0,1,1,.179,.233,.284,.517
Bryan De La Cruz,MIA,OF,24,28,93,5,33,5,0,2,8,1,0,6,26,0,1,0,.355,.390,.473,.863
Gerardo Parra,WAS,OF,34,49,93,13,22,5,0,2,10,1,1,6,28,1,1,2,.237,.294,.355,.649
Frank Schwindel,CHC,1B,29,26,93,15,32,8,1,5,17,0,1,8,20,0,0,0,.344,.396,.613,1.009
Jo Adell,LAA,OF,22,25,93,11,21,5,1,1,18,1,1,6,25,0,0,1,.226,.280,.333,.613
Cam Gallagher,KC,C,28,39,93,7,18,4,0,1,3,0,0,8,18,1,1,0,.194,.255,.269,.524
Billy McKinney,MIL,OF,27,40,92,9,19,3,1,3,6,1,0,7,24,0,1,0,.207,.260,.359,.619
Ka'ai Tom,PIT,OF,27,39,92,9,14,2,1,2,11,1,0,17,30,0,3,5,.152,.308,.261,.569
Billy McKinney,NYM,OF,27,39,91,15,20,6,1,5,14,1,0,11,31,0,0,0,.220,.304,.473,.777
Tres Barrera,WAS,C,26,30,91,8,24,3,1,2,10,0,0,12,22,0,0,4,.264,.374,.385,.759
Kevan Smith,ATL,C,33,30,91,6,15,3,0,0,3,0,0,10,29,0,0,0,.165,.248,.198,.446
Rio Ruiz,BAL,3B,27,32,90,10,15,3,0,3,6,2,0,9,29,1,0,1,.167,.250,.300,.550
Gavin Sheets,CWS,OF,25,29,89,10,20,5,0,6,16,0,0,9,20,0,1,0,.225,.293,.483,.776
Aramis Garcia,OAK,C,28,32,88,8,18,1,0,3,7,0,0,1,28,2,0,3,.205,.239,.318,.557
Jorge Mateo,SD,OF,26,57,87,10,18,4,0,2,6,5,0,2,27,1,0,3,.207,.250,.322,.572
Trea Turner,LAD,SS,28,22,87,17,28,8,0,2,7,5,1,5,14,0,1,1,.322,.362,.483,.845
Kris Bryant,SF,3B,29,23,86,14,24,6,0,6,13,3,0,6,19,0,0,0,.279,.326,.558,.884
Jordy Mercer,WAS,SS,35,37,86,10,23,5,0,1,4,0,0,6,22,0,0,0,.267,.315,.360,.675
Sam Haggerty,SEA,OF,27,35,86,15,16,3,0,2,5,5,1,6,28,1,0,1,.186,.247,.291,.538
Luis Rengifo,LAA,2B,24,28,86,10,13,1,0,2,6,0,0,3,20,1,0,1,.151,.189,.233,.422
Rodolfo Castro,PIT,2B,22,31,86,9,17,2,0,5,8,0,0,6,27,0,0,1,.198,.258,.395,.653
Thairo Estrada,SF,2B,25,36,86,13,25,2,0,3,14,1,0,8,19,0,0,1,.291,.358,.419,.777
Albert Pujols,LAA,1B,41,24,86,9,17,0,0,5,12,1,0,3,13,0,0,3,.198,.250,.372,.622
Seby Zavala,CWS,C,28,32,85,15,17,3,0,5,15,0,0,6,37,3,0,1,.200,.261,.412,.673
Brandon Drury,NYM,3B,29,50,83,7,23,5,0,4,14,0,0,3,21,0,0,1,.277,.310,.482,.792
Eduardo Escobar,MIL,3B,32,21,82,11,23,4,2,2,8,0,0,7,18,0,0,0,.280,.337,.451,.788
Emmanuel Rivera,KC,3B,25,24,81,11,22,3,0,1,5,2,0,7,18,0,0,0,.272,.330,.346,.676
Jose Marmolejos,SEA,OF,28,32,81,9,12,2,0,4,10,0,0,14,32,0,1,0,.148,.271,.321,.592
Michael Chavis,BOS,2B,26,31,79,12,15,4,1,2,6,1,1,1,32,0,1,1,.190,.207,.342,.549
Daz Cameron,DET,OF,24,25,79,11,14,4,0,3,11,4,0,5,25,0,0,1,.177,.235,.342,.577
Ender Inciarte,ATL,OF,30,52,79,11,17,2,0,2,10,1,0,7,22,2,1,0,.215,.276,.316,.592
Yoshi Tsutsugo,TB,3B,29,26,78,5,13,4,0,0,5,0,0,8,27,1,0,0,.167,.244,.218,.462
Joe Panik,MIA,2B,30,31,76,6,13,1,0,1,4,2,0,8,11,1,0,2,.171,.267,.224,.491
Billy McKinney,LAD,OF,27,31,75,8,12,2,1,1,7,0,0,14,21,0,1,1,.160,.297,.253,.550
Daniel Robertson,MIL,2B,27,50,73,10,12,2,0,2,4,0,0,12,28,1,1,3,.164,.303,.274,.577
Jason Vosler,SF,3B,27,41,73,12,13,4,0,3,9,2,0,7,21,0,1,1,.178,.256,.356,.612
Pablo Sandoval,ATL,1B,35,69,73,11,13,0,0,4,11,0,0,11,25,0,0,2,.178,.302,.342,.644
Jake Meyers,HOU,OF,25,22,72,10,24,5,0,3,16,1,0,2,23,0,1,1,.333,.355,.528,.883
Stevie Wilkerson,BAL,OF,29,31,72,5,12,3,0,0,2,2,0,3,30,0,0,1,.167,.211,.208,.419
Grayson Greiner,DET,C,28,31,72,7,17,4,0,1,7,0,0,9,31,1,0,0,.236,.321,.333,.654
Robinson Chirinos,CHC,C,37,34,72,10,18,5,0,4,11,0,0,8,27,1,0,4,.250,.357,.486,.843
Josh Harrison,OAK,2B,34,20,71,8,19,4,0,2,6,3,1,2,8,0,0,4,.268,.325,.408,.733
Jorge Mateo,BAL,OF,26,20,71,5,24,6,1,1,5,4,2,2,20,0,0,1,.338,.365,.493,.858
Alex Blandino,CIN,2B,28,43,70,9,14,4,0,0,5,1,0,8,28,0,0,4,.200,.317,.257,.574
Ben Rortvedt,MIN,C,23,30,70,5,9,1,0,2,5,0,0,5,24,2,0,1,.129,.197,.229,.426
Jonathan Davis,TOR,OF,29,52,70,16,10,1,0,1,4,4,1,11,21,0,1,3,.143,.282,.200,.482
Lars Nootbaar,STL,OF,23,31,70,9,18,3,1,3,10,0,0,9,15,0,1,0,.257,.338,.457,.795
Corey Dickerson,TOR,OF,32,23,69,9,19,2,2,3,12,1,1,4,9,0,0,0,.275,.315,.493,.808
Stephen Vogt,ATL,C,36,23,68,5,10,0,0,0,6,0,0,8,19,0,1,0,.147,.234,.147,.381
Anthony Rizzo,NYY,1B,32,19,68,14,16,2,0,3,11,2,0,7,12,0,2,4,.235,.333,.397,.730
Leody Taveras,TEX,OF,22,21,68,3,6,1,0,1,2,4,0,4,32,1,0,1,.088,.151,.147,.298
Alex Jackson,MIA,C,25,22,67,9,10,1,0,3,8,0,0,5,36,0,0,1,.149,.219,.299,.518
Alex Avila,WAS,C,34,24,66,4,11,6,1,0,6,0,0,17,30,1,0,1,.167,.345,.288,.633
Yonny Hernandez,TEX,2B,23,19,65,8,18,3,0,0,4,4,1,6,9,0,1,4,.277,.368,.323,.691
Domingo Leyba,BAL,2B,25,21,65,6,10,1,0,1,4,0,0,6,16,0,0,1,.154,.236,.215,.451
Chance Sisco,BAL,C,26,23,65,4,10,2,0,0,3,0,0,6,18,0,0,2,.154,.247,.185,.432
Adam Eaton,LAA,OF,32,26,65,5,13,2,0,1,2,1,0,2,16,0,1,1,.200,.232,.277,.509
Sheldon Neuse,LAD,2B,26,33,65,6,11,1,0,3,4,1,1,1,26,0,0,0,.169,.182,.323,.505
Edward Olivares,KC,OF,25,23,65,8,15,0,0,5,9,2,0,2,14,0,1,2,.231,.271,.462,.733
Cristian Pache,ATL,OF,22,22,63,6,7,3,0,1,4,0,0,2,25,2,0,1,.111,.152,.206,.358
Pablo Reyes,MIL,OF,27,42,63,9,13,4,0,0,2,2,0,6,13,0,0,0,.206,.275,.270,.545
Donovan Walton,SEA,SS,27,23,63,6,13,2,1,2,7,1,0,4,15,2,0,0,.206,.254,.365,.619
Andrew Young,ARI,2B,27,47,62,11,14,3,0,6,14,0,0,4,34,0,1,5,.226,.319,.565,.884
Daniel Johnson,CLE,OF,26,24,62,7,16,0,0,4,5,1,0,3,22,0,0,0,.258,.292,.452,.744
Drew Ellis,ARI,3B,25,25,62,10,9,2,0,1,5,0,0,9,24,0,0,3,.145,.284,.226,.510
Javier Baez,NYM,SS,28,17,62,9,13,3,0,4,7,0,0,3,22,0,0,1,.210,.258,.452,.710
Jose Rondon,STL,2B,27,47,60,10,15,2,0,1,5,2,0,7,12,0,1,0,.250,.324,.333,.657
Mike Ford,NYY,1B,29,22,60,6,8,0,0,3,5,0,0,11,23,0,0,1,.133,.278,.283,.561
Chad Wallach,MIA,C,29,23,60,2,12,2,1,0,6,0,0,3,32,0,2,1,.200,.242,.267,.509
Will Craig,PIT,1B,26,18,60,5,13,2,0,1,3,0,0,5,22,0,0,0,.217,.277,.300,.577
Hoy Park,PIT,SS,25,18,60,4,12,4,0,1,5,0,1,4,18,1,0,0,.200,.250,.317,.567
Gilberto Celestino,MIN,OF,22,23,59,7,8,3,0,2,3,0,0,3,14,0,0,0,.136,.177,.288,.465
Mike Freeman,CIN,2B,34,37,59,6,11,0,0,0,3,1,1,5,20,0,0,1,.186,.262,.186,.448
Luke Raley,LAD,OF,26,30,59,3,10,1,0,1,2,0,0,2,22,0,0,4,.169,.246,.237,.483
Webster Rivas,SD,C,31,21,59,6,13,2,0,2,4,0,0,7,14,1,0,0,.220,.303,.356,.659
Anthony Alford,PIT,OF,27,22,57,3,10,3,0,1,3,2,2,5,33,0,0,1,.175,.254,.281,.535
Yan Gomes,OAK,C,34,16,56,8,14,2,0,3,10,0,0,0,12,0,0,0,.250,.250,.446,.696
Rene Rivera,CLE,C,38,21,55,6,13,3,0,2,9,0,0,4,24,3,0,1,.236,.300,.400,.700
Patrick Mazeika,NYM,C,27,28,54,4,11,1,0,1,4,0,0,4,11,0,0,3,.204,.295,.278,.573
Andrew Velazquez,NYY,SS,27,20,53,9,13,4,1,1,6,3,1,1,18,0,0,0,.245,.259,.415,.674
Renato Nunez,DET,1B,27,14,53,7,10,3,0,4,7,0,0,1,16,0,0,1,.189,.218,.472,.690
Roman Quinn,PHI,OF,28,28,52,8,9,2,2,0,2,4,3,6,19,0,0,4,.173,.306,.288,.594
Andrew Romine,CHC,SS,35,21,52,5,10,1,0,1,5,0,1,3,20,0,0,0,.192,.236,.269,.505
Brian O'Grady,SD,OF,29,32,51,8,8,3,0,2,9,0,0,8,17,1,1,0,.157,.267,.333,.600
Khris Davis,TEX,DH,33,22,51,8,8,1,1,2,5,0,0,8,16,0,2,0,.157,.262,.333,.595
Edwin Rios,LAD,3B,27,25,51,4,4,0,0,1,1,0,0,7,18,0,0,2,.078,.217,.137,.354
Max Schrock,CIN,2B,26,26,50,8,16,4,1,2,7,0,0,5,12,0,0,0,.320,.382,.560,.942
Orlando Arcia,ATL,SS,27,18,50,5,11,1,0,2,10,1,0,4,14,0,1,0,.220,.273,.360,.633
Matt Joyce,PHI,OF,37,36,50,5,5,1,0,2,6,0,0,10,14,0,1,1,.100,.258,.240,.498
Lane Thomas,STL,OF,26,32,48,2,5,1,0,0,1,2,1,10,17,0,0,0,.104,.259,.125,.384
Albert Almora,NYM,OF,27,39,47,2,6,3,0,0,0,0,0,2,15,0,0,0,.128,.163,.191,.354
Kyle Schwarber,BOS,OF,28,14,46,9,15,4,0,2,3,0,0,14,14,0,0,0,.326,.483,.543,1.026
Skye Bolt,OAK,OF,27,23,46,2,5,1,0,1,3,1,0,0,10,2,0,0,.109,.109,.196,.305
Alan Trejo,COL,SS,25,28,46,7,10,2,0,1,3,0,0,3,15,0,1,0,.217,.260,.326,.586
Curtis Terry,TEX,1B,24,13,45,3,4,2,0,0,1,0,0,2,15,0,0,1,.089,.146,.133,.279
Tucupita Marcano,SD,2B,21,25,44,7,8,1,0,0,3,0,1,6,9,0,0,0,.182,.280,.205,.485
Richie Martin,BAL,SS,26,15,44,4,10,1,0,1,5,0,1,3,13,0,1,0,.227,.271,.318,.589
Kelvin Gutierrez,BAL,3B,27,15,44,4,7,0,0,0,4,0,0,6,17,0,0,2,.159,.288,.159,.447
Riley Adams,WAS,C,25,19,44,9,15,4,0,2,7,0,0,4,15,0,0,4,.341,.442,.568,1.010
Breyvic Valera,TOR,2B,29,22,44,6,10,2,0,0,3,0,0,2,3,0,0,0,.227,.261,.273,.534
Chris Owings,COL,2B,30,21,43,9,14,4,3,1,5,2,1,7,15,0,0,0,.326,.420,.628,1.048
Wyatt Mathisen,ARI,3B,27,23,42,3,5,0,0,1,8,0,0,5,21,0,1,3,.119,.255,.190,.445
Lane Thomas,WAS,OF,26,13,42,5,13,4,1,0,5,1,1,7,11,0,0,0,.310,.408,.452,.860
Yohel Pozo,TEX,C,24,11,42,4,9,1,0,1,5,0,0,2,7,0,0,0,.214,.250,.310,.560
Kean Wong,LAA,2B,26,20,41,2,7,2,1,0,5,0,1,1,12,3,0,0,.171,.190,.268,.458
Jose Devers,MIA,SS,21,21,41,7,10,3,0,0,5,0,0,3,11,0,1,1,.244,.304,.317,.621
Dustin Fowler,PIT,OF,26,18,41,3,7,1,0,0,2,1,0,3,20,0,1,1,.171,.239,.195,.434
Jared Oliva,PIT,OF,25,20,40,4,7,2,0,0,2,2,0,3,10,0,0,0,.175,.233,.225,.458
Isaac Paredes,DET,3B,22,14,39,4,10,1,1,1,4,0,0,6,5,0,2,0,.256,.340,.410,.750
Jake Burger,CWS,3B,25,15,38,5,10,3,1,1,3,0,0,4,15,0,0,0,.263,.333,.474,.807
Austin Romine,CHC,C,32,16,38,3,7,1,0,1,2,0,0,0,16,0,0,0,.184,.184,.289,.473
Greg Allen,NYY,OF,28,15,37,9,10,4,1,0,2,5,0,5,13,0,1,5,.270,.417,.432,.849
Jonathan Arauz,BOS,2B,23,19,37,3,7,1,0,1,5,0,0,4,11,0,0,0,.189,.268,.297,.565
Jose Godoy,SEA,C,26,16,37,2,6,1,0,0,3,0,0,3,14,0,0,0,.162,.225,.189,.414
Chris Gittens,NYY,1B,27,16,36,1,4,0,0,1,5,0,0,7,13,0,1,0,.111,.250,.194,.444
Matt Adams,COL,DH,33,22,36,3,6,1,0,0,2,0,0,4,9,0,0,0,.167,.250,.194,.444
Adalberto Mondesi,KC,SS,26,10,36,6,13,5,0,4,9,1,1,1,11,1,0,0,.361,.378,.833,1.211
Todd Frazier,PIT,3B,35,13,35,3,3,1,0,0,4,0,0,3,6,0,0,2,.086,.200,.114,.314
Rafael Marchan,PHI,C,22,14,35,5,10,1,1,0,2,0,0,1,7,0,0,0,.286,.306,.371,.677
Josh Palacios,TOR,OF,26,13,35,7,7,0,0,0,4,0,0,3,11,1,1,2,.200,.293,.200,.493
Nick Heath,ARI,OF,27,20,35,3,5,1,0,0,1,0,2,4,15,0,0,0,.143,.231,.171,.402
Jack Mayfield,SEA,SS,30,12,34,2,6,1,0,0,3,0,0,1,10,0,0,0,.176,.200,.206,.406
Kyle Isbel,KC,OF,24,12,34,5,9,0,1,0,3,1,0,2,15,0,0,0,.265,.306,.324,.630
Jay Bruce,NYY,OF,34,10,34,3,4,1,0,1,3,0,0,5,13,0,0,0,.118,.231,.235,.466
Luis Campusano,SD,C,22,11,34,0,3,0,0,0,1,0,0,4,11,0,0,0,.088,.184,.088,.272
Scott Schebler,LAA,OF,30,14,34,3,5,3,0,0,0,0,0,0,17,0,0,0,.147,.147,.235,.382
Mason Williams,NYM,OF,30,17,33,3,7,1,0,1,1,0,1,4,9,0,0,0,.212,.297,.333,.630
Drew Butera,LAA,C,38,12,32,1,3,1,0,0,5,0,0,0,16,3,1,0,.094,.091,.125,.216
Wilson Ramos,CLE,C,34,9,31,3,7,0,0,2,7,0,0,3,7,0,1,0,.226,.286,.419,.705
Bryan Holaday,ARI,C,33,13,31,2,6,2,0,0,1,0,0,1,15,0,0,2,.194,.265,.258,.523
John Hicks,TEX,C,32,10,31,6,8,1,0,4,7,0,0,0,8,0,0,0,.258,.258,.677,.935
Lewin Diaz,MIA,1B,24,15,30,5,4,0,0,3,5,0,0,2,8,0,0,0,.133,.188,.433,.621
Scott Heineman,CIN,OF,28,19,30,5,3,0,0,2,3,0,0,3,15,0,0,1,.100,.206,.300,.506
Austin Dean,STL,OF,27,22,30,5,7,2,0,1,7,0,0,6,11,0,2,0,.233,.342,.400,.742
Mickey Moniak,PHI,OF,23,15,29,3,3,0,0,1,3,0,0,3,14,0,0,0,.103,.188,.207,.395
Adrian Sanchez,WAS,3B,31,13,29,4,7,1,0,0,1,0,0,1,4,0,0,0,.241,.267,.276,.543
Riley Adams,TOR,C,25,12,28,2,3,2,0,0,0,0,0,2,12,0,0,0,.107,.167,.179,.346
Cameron Maybin,NYM,OF,34,9,28,2,1,0,0,0,0,1,0,3,12,0,0,2,.036,.182,.036,.218
Vimael Machin,OAK,3B,27,13,28,1,3,0,0,0,1,0,0,3,10,1,0,0,.107,.194,.107,.301
Anthony Bemboom,LAA,C,31,8,27,2,6,0,0,0,2,0,0,1,10,0,0,0,.222,.250,.222,.472
Michael Hermosillo,CHC,OF,26,11,27,3,4,1,0,2,4,0,0,1,10,0,0,1,.148,.207,.407,.614
Yoshi Tsutsugo,PIT,3B,29,13,27,6,9,2,1,5,11,0,0,3,5,0,1,0,.333,.387,1.037,1.424
Jacob Nottingham,SEA,C,26,10,26,3,3,0,0,1,2,0,0,2,12,0,1,2,.115,.226,.231,.457
Jordan Luplow,TB,OF,27,12,26,7,4,1,0,1,1,0,0,4,10,0,0,0,.154,.267,.308,.575
Vidal Brujan,TB,2B,23,10,26,3,2,0,0,0,2,1,0,0,8,0,0,0,.077,.077,.077,.154
DJ Peters,LAD,OF,25,18,26,5,5,2,0,1,4,0,0,8,14,0,0,0,.192,.382,.385,.767
Johneshwy Fargas,CHC,OF,26,13,26,3,7,0,1,0,2,1,2,1,8,0,0,0,.269,.296,.346,.642
Yoshi Tsutsugo,LAD,3B,29,12,25,2,3,0,0,0,2,0,0,6,12,0,0,0,.120,.290,.120,.410
Steven Souza,LAD,OF,32,13,25,2,4,0,1,1,2,0,0,2,10,0,0,1,.160,.250,.360,.610
Tony Wolters,CHC,C,29,14,24,3,3,0,0,0,0,0,1,5,12,1,0,0,.125,.276,.125,.401
Cole Tucker,PIT,OF,25,15,24,1,3,1,0,0,1,0,1,4,7,0,0,0,.125,.250,.167,.417
Travis Blankenhorn,NYM,3B,25,23,23,3,4,2,0,1,4,0,0,1,8,0,0,0,.174,.208,.391,.599
Garrett Stubbs,HOU,C,28,10,23,1,4,1,0,0,2,0,0,1,5,2,0,0,.174,.208,.217,.425
Greg Deichmann,CHC,OF,26,7,23,0,4,0,0,0,1,0,0,0,8,0,0,0,.174,.174,.174,.348
Jake Marisnick,SD,OF,30,15,23,2,3,0,0,0,2,0,0,1,11,0,0,1,.130,.200,.130,.330
Alex Jackson,ATL,C,25,10,23,2,1,0,0,0,0,0,0,2,13,0,0,3,.043,.214,.043,.257
P.J. Higgins,CHC,C,28,9,23,1,1,0,0,0,0,0,0,2,8,0,0,0,.043,.120,.043,.163
Mark Payton,CIN,OF,29,24,22,2,4,0,0,0,0,0,0,2,7,0,0,0,.182,.250,.182,.432
Domingo Leyba,ARI,2B,25,13,22,0,0,0,0,0,0,0,0,2,7,0,0,0,.000,.083,.000,.083
Michael Chavis,PIT,2B,26,6,22,4,8,2,0,1,2,0,1,0,4,0,0,0,.364,.364,.591,.955
Kevin Smith,TOR,SS,25,9,21,2,3,0,0,1,1,0,0,3,7,0,0,1,.143,.280,.286,.566
Adam Haseley,PHI,OF,25,9,21,2,4,1,0,0,0,0,0,0,4,0,0,0,.190,.190,.238,.428
Tim Locastro,NYY,OF,29,9,21,4,4,2,0,1,2,0,0,1,7,0,1,0,.190,.217,.429,.646
Ildemaro Vargas,CHC,2B,30,9,21,3,3,2,0,0,2,1,0,3,7,0,0,0,.143,.250,.238,.488
Ryan LaMarre,NYY,OF,32,9,21,3,4,0,0,2,4,1,0,2,6,0,0,1,.190,.292,.476,.768
Johneshwy Fargas,NYM,OF,26,7,21,1,6,3,1,0,3,0,0,0,7,1,0,0,.286,.286,.524,.810
Dexter Fowler,LAA,OF,35,7,20,3,5,0,0,0,1,1,0,1,6,0,0,0,.250,.286,.250,.536
Rob Brantly,NYY,C,32,6,20,0,3,1,0,0,0,0,0,0,4,0,0,1,.150,.190,.200,.390
Estevan Florial,NYY,OF,23,9,20,3,6,2,0,1,2,1,0,5,6,0,0,0,.300,.440,.550,.990
Frank Schwindel,OAK,1B,29,8,20,2,3,1,0,1,3,0,0,0,5,0,0,0,.150,.150,.350,.500
Jahmai Jones,BAL,2B,24,5,20,2,2,1,0,0,0,0,0,0,8,0,0,1,.100,.143,.150,.293
Taylor Motter,COL,SS,31,13,20,2,3,0,0,0,0,0,0,2,6,0,0,0,.150,.227,.150,.377
Luke Maile,MIL,C,30,8,19,1,4,1,0,0,1,0,0,2,6,0,0,1,.211,.318,.263,.581
Scott Kingery,PHI,2B,27,15,19,1,1,0,0,0,0,0,0,0,12,0,0,0,.053,.053,.053,.106
Hernan Perez,WAS,2B,30,10,19,1,1,0,0,0,0,0,0,2,10,0,0,0,.053,.143,.053,.196
Alejo Lopez,CIN,2B,25,11,19,3,6,0,0,0,0,0,0,0,3,0,0,0,.316,.316,.316,.632
Chadwick Tromp,SF,C,26,9,18,1,4,0,0,1,2,0,0,0,4,0,0,0,.222,.222,.389,.611
John Nogowski,STL,1B,28,19,18,2,1,0,0,0,0,0,0,1,2,0,0,1,.056,.150,.056,.206
Jake Hager,ARI,SS,28,9,18,1,2,0,0,0,2,0,0,4,11,0,0,0,.111,.273,.111,.384
Freddy Galvis,PHI,2B,31,6,18,4,2,0,0,0,5,0,0,3,1,0,1,0,.111,.227,.111,.338
Troy Stokes,PIT,OF,25,8,18,2,2,1,0,0,2,1,0,1,5,0,0,1,.111,.200,.167,.367
Sebastian Rivero,KC,C,22,8,18,1,2,1,0,0,2,0,0,3,9,0,0,1,.111,.273,.167,.440
Khalil Lee,NYM,OF,23,11,18,2,1,1,0,0,1,0,0,0,13,0,0,0,.056,.056,.111,.167
Ildemaro Vargas,ARI,2B,30,9,17,2,3,0,0,0,3,0,0,1,3,0,0,0,.176,.222,.176,.398
Jonathan Davis,NYY,OF,29,12,17,4,1,0,0,0,0,0,0,1,5,0,0,0,.059,.111,.059,.170
Ka'ai Tom,OAK,OF,27,9,16,1,1,0,0,0,1,0,0,0,6,0,0,0,.063,.063,.063,.126
Anderson Tejeda,TEX,SS,23,5,16,1,1,0,0,0,0,1,0,1,10,0,0,0,.063,.118,.063,.181
Johan Camargo,ATL,2B,27,15,16,1,0,0,0,0,0,0,0,2,6,0,0,0,.000,.111,.000,.111
Max Moroff,STL,2B,28,6,16,0,1,0,0,0,1,0,0,0,10,0,0,0,.063,.063,.063,.126
Ronald Guzman,TEX,1B,26,7,16,1,1,0,0,1,1,0,0,1,6,0,0,0,.063,.118,.250,.368
Travis Shaw,BOS,3B,31,8,15,3,3,1,0,2,5,0,0,1,6,1,0,0,.200,.250,.667,.917
Rio Ruiz,COL,3B,27,10,15,1,3,1,0,0,2,0,0,2,4,0,1,0,.200,.278,.267,.545
Dustin Garneau,DET,C,34,6,15,1,4,2,0,0,0,0,0,0,4,0,0,0,.267,.267,.400,.667
Ben Gamel,CLE,OF,29,11,14,1,1,1,0,0,0,0,0,3,6,0,0,0,.071,.235,.143,.378
Jacob Nottingham,MIL,C,26,5,14,2,3,1,0,2,4,0,0,0,8,0,0,0,.214,.214,.714,.928
Mike Tauchman,NYY,OF,30,11,14,1,3,1,0,0,0,2,0,1,6,1,0,0,.214,.267,.286,.553
Jon Jay,LAA,OF,36,5,14,2,5,0,0,0,1,0,0,0,2,0,0,0,.357,.357,.357,.714
Jonathan Lucroy,WAS,C,35,5,14,0,5,1,0,0,2,0,0,0,2,0,0,0,.357,.357,.429,.786
Rene Rivera,WAS,C,38,4,14,2,3,0,0,0,0,0,0,0,5,0,0,1,.214,.267,.214,.481
Ildemaro Vargas,PIT,2B,30,7,13,0,1,0,0,0,1,0,0,0,3,0,0,0,.077,.077,.077,.154
Connor Wong,BOS,C,25,6,13,3,4,1,1,0,1,0,0,1,7,0,0,0,.308,.357,.538,.895
Jacob Wilson,HOU,3B,31,6,13,2,2,1,1,0,1,0,0,1,2,0,0,0,.154,.214,.385,.599
Jose Barrero,CIN,SS,23,6,12,1,2,1,0,0,0,0,0,1,4,0,0,1,.167,.286,.250,.536
Kevin Padlo,TB,3B,25,9,12,1,1,1,0,0,0,0,0,2,8,0,0,0,.083,.214,.167,.381
Nick Martini,CHC,OF,31,12,12,2,1,0,0,0,1,0,0,2,3,0,1,0,.083,.200,.083,.283
Jose Lobaton,CHC,C,36,6,11,1,0,0,0,0,0,0,0,2,5,0,0,0,.000,.154,.000,.154
Stuart Fairchild,ARI,OF,25,10,11,2,1,0,0,0,0,0,0,1,3,0,0,0,.091,.167,.091,.258
Orlando Arcia,MIL,SS,27,4,11,0,1,0,0,0,1,0,0,0,3,0,0,0,.091,.091,.091,.182
Wilfredo Tovar,NYM,SS,30,6,11,0,2,0,0,0,1,0,0,1,4,0,0,0,.182,.250,.182,.432
Andy Burns,LAD,3B,31,9,11,2,3,1,0,0,0,0,0,3,1,0,0,1,.273,.467,.364,.831
Eric Campbell,SEA,1B,34,4,11,1,3,0,0,0,0,0,0,1,1,0,0,0,.273,.333,.273,.606
Ryan Lavarnway,CLE,C,34,4,11,1,3,1,0,0,0,0,0,1,4,0,0,0,.273,.333,.364,.697
Nick Williams,CWS,OF,27,4,10,2,0,0,0,0,0,0,0,1,4,0,0,2,.000,.231,.000,.231
Monte Harrison,MIA,OF,26,9,10,0,2,1,0,0,0,0,1,0,3,1,0,0,.200,.200,.300,.500
Geraldo Perdomo,ARI,SS,21,4,10,1,1,0,0,0,0,0,0,3,2,0,0,0,.100,.308,.100,.408
Zach Reks,LAD,OF,27,6,10,2,0,0,0,0,0,0,0,0,7,0,0,0,.000,.000,.000,.000
Dillon Thomas,SEA,OF,28,4,9,2,1,0,0,0,2,0,0,0,7,0,0,0,.111,.111,.111,.222
Jake McCarthy,ARI,OF,24,4,9,2,2,1,0,0,1,0,0,1,5,0,0,0,.222,.300,.333,.633
Jeff Mathis,ATL,C,38,3,9,0,0,0,0,0,0,0,0,0,5,0,0,0,.000,.000,.000,.000
Jaylin Davis,SF,OF,27,5,9,1,1,1,0,0,0,0,0,0,1,0,0,0,.111,.111,.222,.333
Deven Marrero,MIA,SS,31,7,9,3,3,0,0,1,1,1,0,2,2,0,0,0,.333,.455,.667,1.122
Yairo Munoz,BOS,OF,26,4,8,0,1,0,0,0,0,0,0,0,2,0,0,0,.125,.125,.125,.250
Jorge Bonifacio,PHI,OF,28,6,8,0,0,0,0,0,1,0,0,1,5,0,0,0,.000,.111,.000,.111
Jake Hager,NYM,SS,28,5,8,1,1,0,0,0,0,0,0,0,3,0,0,0,.125,.125,.125,.250
Derek Fisher,MIL,OF,28,4,8,1,2,0,1,0,1,0,0,0,1,0,0,0,.250,.250,.500,.750
Luis Gonzalez,CWS,OF,25,6,8,2,2,2,0,0,0,0,0,3,2,0,0,0,.250,.455,.500,.955
Ryan McBroom,KC,1B,29,7,8,1,2,0,0,0,0,0,0,1,6,0,0,0,.250,.333,.250,.583
Tim Lopes,MIL,OF,27,5,8,1,1,0,0,0,0,0,1,1,4,0,0,0,.125,.222,.125,.347
Matt Vierling,PHI,OF,24,6,7,1,3,0,0,0,0,1,0,0,3,0,0,0,.429,.429,.429,.858
Jacob Robson,DET,OF,26,4,7,1,0,0,0,0,0,0,0,0,4,0,0,0,.000,.000,.000,.000
Keibert Ruiz,LAD,C,23,6,7,1,1,0,0,1,1,0,0,0,5,0,0,0,.143,.143,.571,.714
Eddie Rosario,ATL,OF,29,3,7,0,2,0,1,0,2,1,0,0,0,0,0,0,.286,.286,.571,.857
Jacob Wilson,OAK,3B,31,6,7,1,1,0,0,0,0,0,0,0,1,0,0,0,.143,.143,.143,.286
John Andreoli,SD,OF,31,7,6,2,1,1,0,0,0,0,0,1,3,0,0,0,.167,.286,.333,.619
JT Riddle,MIN,3B,29,4,6,1,2,0,0,0,0,0,0,0,0,0,0,0,.333,.333,.333,.666
Matt Thaiss,LAA,3B,26,2,6,1,1,0,0,0,0,0,0,1,1,0,0,0,.167,.286,.167,.453
Austin Allen,OAK,C,27,2,6,1,1,0,0,1,1,0,0,0,2,0,0,0,.167,.167,.667,.834
Alex De Goti,HOU,2B,27,2,6,2,2,0,0,0,1,0,0,1,2,0,0,0,.333,.429,.333,.762
Joey Bart,SF,C,24,2,6,1,2,0,0,0,1,0,0,0,2,0,0,0,.333,.333,.333,.666
Luis Marte,MIA,SS,27,4,6,2,1,0,0,0,0,0,0,1,2,0,0,0,.167,.286,.167,.453
Jonathan Lucroy,ATL,C,35,2,5,2,1,0,0,0,1,0,0,3,2,1,0,0,.200,.500,.200,.700
Asdrubal Cabrera,CIN,3B,35,3,5,0,0,0,0,0,0,0,0,0,2,0,0,0,.000,.000,.000,.000
Tyler Nevin,BAL,1B,24,2,5,0,1,1,0,0,0,0,0,1,2,0,0,0,.200,.333,.400,.733
Ronnie Dawson,HOU,OF,26,3,5,2,1,0,0,0,0,0,0,1,0,0,0,0,.200,.333,.200,.533
Scott Hurst,STL,OF,25,7,5,0,0,0,0,0,0,0,0,0,1,0,0,0,.000,.000,.000,.000
Luis Barrera,OAK,OF,25,4,5,0,1,0,0,0,0,0,0,0,2,0,0,0,.200,.200,.200,.400
Keibert Ruiz,WAS,C,23,1,4,0,1,0,0,0,0,0,0,0,0,0,0,0,.250,.250,.250,.500
Braden Bishop,SEA,OF,28,8,4,1,1,0,0,0,0,0,0,0,2,1,0,0,.250,.250,.250,.500
Taylor Gushue,CHC,C,27,2,4,0,0,0,0,0,0,0,0,0,3,0,0,0,.000,.000,.000,.000
Kevan Smith,TB,C,33,3,4,2,1,0,0,0,0,0,0,0,2,0,0,0,.250,.250,.250,.500
Patrick Kivlehan,SD,3B,31,5,4,3,1,0,0,0,2,0,0,2,3,0,1,1,.250,.500,.250,.750
Chance Sisco,NYM,C,26,3,4,0,1,1,0,0,1,0,0,0,2,0,0,0,.250,.250,.500,.750
Hunter Owen,PIT,3B,27,3,4,0,0,0,0,0,0,0,0,0,3,0,0,1,.000,.200,.000,.200
Trey Amburgey,NYY,OF,26,2,4,0,0,0,0,0,0,0,0,0,2,0,0,0,.000,.000,.000,.000
Ryan Dorow,TEX,SS,26,2,3,0,0,0,0,0,0,0,0,1,1,0,0,0,.000,.250,.000,.250
Ivan Castillo,SD,2B,26,3,3,0,1,0,0,0,1,0,0,1,0,0,0,0,.333,.500,.333,.833
Alfonso Rivas,CHC,1B,24,1,3,0,2,1,0,0,0,0,0,0,0,0,0,0,.667,.667,1.000,1.667
Jarrod Dyson,TOR,OF,37,2,3,0,1,0,0,0,0,2,1,1,1,0,0,0,.333,.500,.333,.833
Jared Hoying,TOR,OF,32,2,3,0,0,0,0,0,0,0,0,0,1,0,0,0,.000,.000,.000,.000
Humberto Arteaga,WAS,SS,27,1,3,0,0,0,0,0,1,0,0,0,0,0,1,0,.000,.000,.000,.000
Ali Sanchez,STL,C,24,1,3,0,1,1,0,0,0,0,0,0,0,0,0,0,.333,.333,.667,1.000
Brian Miller,MIA,OF,26,2,3,0,1,0,0,0,0,0,0,0,1,0,0,0,.333,.333,.333,.666
Joe Odom,TB,C,29,2,2,0,0,0,0,0,0,0,0,0,1,0,0,0,.000,.000,.000,.000
Corey Ray,MIL,OF,26,1,2,1,0,0,0,0,0,0,0,1,1,0,0,0,.000,.333,.000,.333
Jakson Reetz,WAS,C,25,2,2,1,1,1,0,0,0,0,0,0,0,0,0,0,.500,.500,1.000,1.500
Sean Kazmar,ATL,SS,37,3,2,0,0,0,0,0,0,0,0,0,0,0,0,0,.000,.000,.000,.000
Cody Wilson,WAS,OF,25,1,1,0,0,0,0,0,0,0,0,0,0,0,0,0,.000,.000,.000,.000
Otto Lopez,TOR,2B,22,1,1,0,0,0,0,0,0,0,0,0,1,0,0,0,.000,.000,.000,.000
Hoy Park,NYY,SS,25,1,1,0,0,0,0,0,0,0,0,0,0,0,0,0,.000,.000,.000,.000
Skye Bolt,SF,OF,27,2,1,0,0,0,0,0,0,0,0,0,1,0,0,0,.000,.000,.000,.000
Mario Feliciano,MIL,C,22,1,0,1,0,0,0,0,0,0,0,1,0,0,0,0,.000,1.000,.000,1.000